<?xml version="1.0"?>
<opencv_storage>
<mybottledetector type_id="opencv-haar-classifier">
  <size>
    24 24</size>
  <stages>
    <_>
      <trees>
        <_>
          <_>
            <feature>
              <rects>
                <_>
                  0 0 1 2 -1.</_>
                <_>
                  0 1 1 1 2.</_></rects>
              <tilted>0</tilted></feature>
            <threshold>-1.8834140064427629e-005</threshold>
            <left_val>-1.</left_val>
            <right_val>1.</right_val></_></_></trees>
      <stage_threshold>1.</stage_threshold>
      <parent>-1</parent>
      <next>-1</next></_>
    <_>
      <trees>
        <_>
          <_>
            <feature>
              <rects>
                <_>
                  0 0 3 4 -1.</_>
                <_>
                  0 1 3 2 2.</_></rects>
              <tilted>0</tilted></feature>
            <threshold>9.6672207291703671e-005</threshold>
            <left_val>-1.</left_val>
            <right_val>1.</right_val></_></_></trees>
      <stage_threshold>1.</stage_threshold>
      <parent>0</parent>
      <next>-1</next></_>
    <_>
      <trees>
        <_>
          <_>
            <feature>
              <rects>
                <_>
                  0 0 1 2 -1.</_>
                <_>
                  0 1 1 1 2.</_></rects>
              <tilted>0</tilted></feature>
            <threshold>1.1452750186435878e-004</threshold>
            <left_val>1.</left_val>
            <right_val>-1.</right_val></_></_></trees>
      <stage_threshold>1.</stage_threshold>
      <parent>1</parent>
      <next>-1</next></_>
    <_>
      <trees>
        <_>
          <_>
            <feature>
              <rects>
                <_>
                  0 0 2 2 -1.</_>
                <_>
                  0 0 1 1 2.</_>
                <_>
                  1 1 1 1 2.</_></rects>
              <tilted>0</tilted></feature>
            <threshold>7.0803776907268912e-005</threshold>
            <left_val>1.</left_val>
            <right_val>-1.</right_val></_></_></trees>
      <stage_threshold>1.</stage_threshold>
      <parent>2</parent>
      <next>-1</next></_>
    <_>
      <trees>
        <_>
          <_>
            <feature>
              <rects>
                <_>
                  0 0 3 15 -1.</_>
                <_>
                  1 5 1 5 9.</_></rects>
              <tilted>0</tilted></feature>
            <threshold>-2.7616519946604967e-003</threshold>
            <left_val>1.</left_val>
            <right_val>-1.</right_val></_></_></trees>
      <stage_threshold>1.</stage_threshold>
      <parent>3</parent>
      <next>-1</next></_>
    <_>
      <trees>
        <_>
          <_>
            <feature>
              <rects>
                <_>
                  0 0 7 4 -1.</_>
                <_>
                  0 2 7 2 2.</_></rects>
              <tilted>0</tilted></feature>
            <threshold>0.0107693998143077</threshold>
            <left_val>-1.</left_val>
            <right_val>1.</right_val></_></_></trees>
      <stage_threshold>1.</stage_threshold>
      <parent>4</parent>
      <next>-1</next></_>
    <_>
      <trees>
        <_>
          <_>
            <feature>
              <rects>
                <_>
                  0 0 2 7 -1.</_>
                <_>
                  1 0 1 7 2.</_></rects>
              <tilted>0</tilted></feature>
            <threshold>-1.1191390221938491e-003</threshold>
            <left_val>1.</left_val>
            <right_val>-1.</right_val></_></_></trees>
      <stage_threshold>1.</stage_threshold>
      <parent>5</parent>
      <next>-1</next></_>
    <_>
      <trees>
        <_>
          <_>
            <feature>
              <rects>
                <_>
                  0 0 9 4 -1.</_>
                <_>
                  0 1 9 2 2.</_></rects>
              <tilted>0</tilted></feature>
            <threshold>3.4757219254970551e-003</threshold>
            <left_val>1.</left_val>
            <right_val>-1.</right_val></_></_></trees>
      <stage_threshold>1.</stage_threshold>
      <parent>6</parent>
      <next>-1</next></_>
    <_>
      <trees>
        <_>
          <_>
            <feature>
              <rects>
                <_>
                  0 0 2 6 -1.</_>
                <_>
                  1 0 1 6 2.</_></rects>
              <tilted>0</tilted></feature>
            <threshold>-1.9754320383071899e-003</threshold>
            <left_val>-1.</left_val>
            <right_val>1.</right_val></_></_></trees>
      <stage_threshold>1.</stage_threshold>
      <parent>7</parent>
      <next>-1</next></_></stages></mybottledetector>
</opencv_storage>
